INSERT INTO DIPENDENTE(CF_DIP, NOME_DIP, COGNOME_DIP, DATA_NASCITA_DIP, NUMERO_TEL_DIP) VALUES ('WBLGSF83S17H670C', 'ERMINIO', 'OTTONE', TO_DATE('08/07/1999', 'DD/MM/YYYY'), '5924516732');
INSERT INTO DIPENDENTE(CF_DIP, NOME_DIP, COGNOME_DIP, DATA_NASCITA_DIP, NUMERO_TEL_DIP) VALUES ('SREFLV99P13F839B', 'FULVIO', 'SERAO', TO_DATE('13/09/1999','DD/MM/YYYY'),'3465994994');
INSERT INTO DIPENDENTE(CF_DIP, NOME_DIP, COGNOME_DIP, DATA_NASCITA_DIP, NUMERO_TEL_DIP) VALUES ('TWPDGQ52P10G955I', 'LUCA', 'PEZZOLLA', TO_DATE('11/07/1997','DD/MM/YYYY'), '5519558793');
INSERT INTO DIPENDENTE(CF_DIP, NOME_DIP, COGNOME_DIP, DATA_NASCITA_DIP, NUMERO_TEL_DIP) VALUES ('YFAQKD66C20A931A', 'SIMONE', 'MICILLO', TO_DATE('08/05/1995','DD/MM/YYYY'), '8998750991');
INSERT INTO DIPENDENTE(CF_DIP, NOME_DIP, COGNOME_DIP, DATA_NASCITA_DIP, NUMERO_TEL_DIP) VALUES ('NLNKMP57C70H783K', 'LUIGI', 'ONOFRO', TO_DATE('02/01/1994','DD/MM/YYYY'), '9504960226');
INSERT INTO DIPENDENTE(CF_DIP, NOME_DIP, COGNOME_DIP, DATA_NASCITA_DIP, NUMERO_TEL_DIP) VALUES ('CMXTCB35T08G976F', 'GIUSEPPE', 'SALVE', TO_DATE('22/09/1986','DD/MM/YYYY'), '0687925513');
INSERT INTO DIPENDENTE(CF_DIP, NOME_DIP, COGNOME_DIP, DATA_NASCITA_DIP, NUMERO_TEL_DIP) VALUES ('TOEGZZ33E23B462K', 'RAFFAELE', 'PICCOLOMONTE', TO_DATE('21/03/1988','DD/MM/YYYY'), '0876579717');
INSERT INTO DIPENDENTE(CF_DIP, NOME_DIP, COGNOME_DIP, DATA_NASCITA_DIP, NUMERO_TEL_DIP) VALUES ('WMRZBM72H10L686K', 'JULIE', 'ARRIVATA', TO_DATE('15/08/1984','DD/MM/YYYY'), '1139159418');
INSERT INTO DIPENDENTE(CF_DIP, NOME_DIP, COGNOME_DIP, DATA_NASCITA_DIP, NUMERO_TEL_DIP) VALUES ('NVNPGH79E18A041C', 'FRANCESCA', 'DONNA', TO_DATE('12/04/1987','DD/MM/YYYY'), '3043012128');
INSERT INTO DIPENDENTE(CF_DIP, NOME_DIP, COGNOME_DIP, DATA_NASCITA_DIP, NUMERO_TEL_DIP) VALUES ('SBVCVL47B20E126I', 'FRANCESCO', 'MINESTRA', TO_DATE('08/02/1979','DD/MM/YYYY'), '1980766008');
INSERT INTO DIPENDENTE(CF_DIP, NOME_DIP, COGNOME_DIP, DATA_NASCITA_DIP, NUMERO_TEL_DIP) VALUES ('ZPMNTC42T24L727M', 'ALESSIO', 'FERALE', TO_DATE('19/09/1979','DD/MM/YYYY'), '4945514615');
INSERT INTO DIPENDENTE(CF_DIP, NOME_DIP, COGNOME_DIP, DATA_NASCITA_DIP, NUMERO_TEL_DIP) VALUES ('RBYLZF56L71A805E', 'TONY', 'TEAMARA', TO_DATE('29/09/1987','DD/MM/YYYY'), '092222006');
INSERT INTO DIPENDENTE(CF_DIP, NOME_DIP, COGNOME_DIP, DATA_NASCITA_DIP, NUMERO_TEL_DIP) VALUES ('VTGBZX28E69D271Z', 'ANGELO', 'CARAMELLE', TO_DATE('13/03/1984','DD/MM/YYYY'), '0129923415');
INSERT INTO DIPENDENTE(CF_DIP, NOME_DIP, COGNOME_DIP, DATA_NASCITA_DIP, NUMERO_TEL_DIP) VALUES ('VNSTFO97B54A149S', 'ARDENTE', 'POLLETTI', TO_DATE('13/10/1992','DD/MM/YYYY'), '5091361721');
INSERT INTO DIPENDENTE(CF_DIP, NOME_DIP, COGNOME_DIP, DATA_NASCITA_DIP, NUMERO_TEL_DIP) VALUES ('TZNCGW92P23H928A', 'LAURA', 'MAMELI', TO_DATE('11/10/1976','DD/MM/YYYY'), '1121455737');

INSERT INTO NEGOZIO(QUARTIERE_NEG, DATA_INIZIO_NEG, CF_DIRIGENTE_NEG) VALUES ('FOREROTTA', TO_DATE('03/2/2020', 'DD/MM/YYYY'), 'SREFLV99P13F839B');
INSERT INTO NEGOZIO(QUARTIERE_NEG, DATA_INIZIO_NEG, CF_DIRIGENTE_NEG) VALUES ('SOMMAVULCANICA', TO_DATE('01/2/2020', 'DD/MM/YYYY'), 'SREFLV99P13F839B');
INSERT INTO NEGOZIO(QUARTIERE_NEG, DATA_INIZIO_NEG, CF_DIRIGENTE_NEG) VALUES ('CAVERZANO', TO_DATE('07/4/2020', 'DD/MM/YYYY'), 'SREFLV99P13F839B');
INSERT INTO NEGOZIO(QUARTIERE_NEG, DATA_INIZIO_NEG, CF_DIRIGENTE_NEG) VALUES ('DATABASE', TO_DATE('07/4/2020', 'DD/MM/YYYY'), 'SREFLV99P13F839B');
INSERT INTO NEGOZIO(QUARTIERE_NEG, DATA_INIZIO_NEG, CF_DIRIGENTE_NEG) VALUES ('ALGEBRA', TO_DATE('07/4/2020', 'DD/MM/YYYY'), 'SREFLV99P13F839B');
INSERT INTO NEGOZIO(QUARTIERE_NEG, DATA_INIZIO_NEG, CF_DIRIGENTE_NEG) VALUES ('SANTANASTAFRICA', TO_DATE('07/4/2020', 'DD/MM/YYYY'), 'TWPDGQ52P10G955I');
INSERT INTO NEGOZIO(QUARTIERE_NEG, DATA_INIZIO_NEG, CF_DIRIGENTE_NEG) VALUES ('ARENELLA', TO_DATE('15/6/2020', 'DD/MM/YYYY'), 'TWPDGQ52P10G955I');
INSERT INTO NEGOZIO(QUARTIERE_NEG, DATA_INIZIO_NEG, CF_DIRIGENTE_NEG) VALUES ('BAGNOLI', TO_DATE('15/6/2020', 'DD/MM/YYYY'), 'TWPDGQ52P10G955I');
INSERT INTO NEGOZIO(QUARTIERE_NEG, DATA_INIZIO_NEG, CF_DIRIGENTE_NEG) VALUES ('CHIAIA', TO_DATE('15/6/2020', 'DD/MM/YYYY'), 'TWPDGQ52P10G955I');
INSERT INTO NEGOZIO(QUARTIERE_NEG, DATA_INIZIO_NEG, CF_DIRIGENTE_NEG) VALUES ('CHIAIANO', TO_DATE('15/6/2020', 'DD/MM/YYYY'), 'TWPDGQ52P10G955I');
INSERT INTO NEGOZIO(QUARTIERE_NEG, DATA_INIZIO_NEG, CF_DIRIGENTE_NEG) VALUES ('MARIANELLA', TO_DATE('15/6/2020', 'DD/MM/YYYY'), 'YFAQKD66C20A931A');
INSERT INTO NEGOZIO(QUARTIERE_NEG, DATA_INIZIO_NEG, CF_DIRIGENTE_NEG) VALUES ('PISCINOLA', TO_DATE('10/7/2020', 'DD/MM/YYYY'), 'YFAQKD66C20A931A');
INSERT INTO NEGOZIO(QUARTIERE_NEG, DATA_INIZIO_NEG, CF_DIRIGENTE_NEG) VALUES ('PONTICELLI', TO_DATE('12/7/2020', 'DD/MM/YYYY'), 'YFAQKD66C20A931A');
INSERT INTO NEGOZIO(QUARTIERE_NEG, DATA_INIZIO_NEG, CF_DIRIGENTE_NEG) VALUES ('POSILLIPO', TO_DATE('14/7/2020', 'DD/MM/YYYY'), 'YFAQKD66C20A931A');
INSERT INTO NEGOZIO(QUARTIERE_NEG, DATA_INIZIO_NEG, CF_DIRIGENTE_NEG) VALUES ('SCAMPIA', TO_DATE('16/7/2020', 'DD/MM/YYYY'), 'YFAQKD66C20A931A');

INSERT INTO RICHIAMO(CF_RIC, MOTIVAZIONE, DATA_RIC, ENTITA) VALUES ('WBLGSF83S17H670C', 'RITARDO', TO_DATE('02/3/2022', 'DD/MM/YYYY'), 1);
INSERT INTO RICHIAMO(CF_RIC, MOTIVAZIONE, DATA_RIC, ENTITA) VALUES ('SREFLV99P13F839B', 'RITARDO', TO_DATE('08/3/2022', 'DD/MM/YYYY'), 2);
INSERT INTO RICHIAMO(CF_RIC, MOTIVAZIONE, DATA_RIC, ENTITA) VALUES ('TWPDGQ52P10G955I', 'RITARDO', TO_DATE('14/1/2022', 'DD/MM/YYYY'), 1);
INSERT INTO RICHIAMO(CF_RIC, MOTIVAZIONE, DATA_RIC, ENTITA) VALUES ('VNSTFO97B54A149S', 'RITARDO', TO_DATE('07/2/2022', 'DD/MM/YYYY'), 1);
INSERT INTO RICHIAMO(CF_RIC, MOTIVAZIONE, DATA_RIC, ENTITA) VALUES ('ZPMNTC42T24L727M', 'RITARDO', TO_DATE('12/3/2022', 'DD/MM/YYYY'), 1);
INSERT INTO RICHIAMO(CF_RIC, MOTIVAZIONE, DATA_RIC, ENTITA) VALUES ('SBVCVL47B20E126I', 'RITARDO', TO_DATE('09/4/2022', 'DD/MM/YYYY'), 3);
INSERT INTO RICHIAMO(CF_RIC, MOTIVAZIONE, DATA_RIC, ENTITA) VALUES ('VTGBZX28E69D271Z', 'RITARDO', TO_DATE('11/5/2022', 'DD/MM/YYYY'), 1);
INSERT INTO RICHIAMO(CF_RIC, MOTIVAZIONE, DATA_RIC, ENTITA) VALUES ('TZNCGW92P23H928A', 'RITARDO', TO_DATE('24/6/2022', 'DD/MM/YYYY'), 1);
INSERT INTO RICHIAMO(CF_RIC, MOTIVAZIONE, DATA_RIC, ENTITA) VALUES ('ZPMNTC42T24L727M', 'RITARDO', TO_DATE('25/7/2022', 'DD/MM/YYYY'), 2);
INSERT INTO RICHIAMO(CF_RIC, MOTIVAZIONE, DATA_RIC, ENTITA) VALUES ('CMXTCB35T08G976F', 'RITARDO', TO_DATE('01/4/2022', 'DD/MM/YYYY'), 1);
INSERT INTO RICHIAMO(CF_RIC, MOTIVAZIONE, DATA_RIC, ENTITA) VALUES ('NLNKMP57C70H783K', 'RITARDO', TO_DATE('03/2/2022', 'DD/MM/YYYY'), 1);
INSERT INTO RICHIAMO(CF_RIC, MOTIVAZIONE, DATA_RIC, ENTITA) VALUES ('TOEGZZ33E23B462K', 'RITARDO', TO_DATE('05/1/2022', 'DD/MM/YYYY'), 3);
INSERT INTO RICHIAMO(CF_RIC, MOTIVAZIONE, DATA_RIC, ENTITA) VALUES ('CMXTCB35T08G976F', 'RITARDO', TO_DATE('06/3/2022', 'DD/MM/YYYY'), 1);
INSERT INTO RICHIAMO(CF_RIC, MOTIVAZIONE, DATA_RIC, ENTITA) VALUES ('CMXTCB35T08G976F', 'RITARDO', TO_DATE('07/6/2022', 'DD/MM/YYYY'), 1);
INSERT INTO RICHIAMO(CF_RIC, MOTIVAZIONE, DATA_RIC, ENTITA) VALUES ('TOEGZZ33E23B462K', 'RITARDO', TO_DATE('08/6/2022', 'DD/MM/YYYY'), 1);

INSERT INTO STIPENDIO(CF_STIP, IMPORTO, DATA_STIP, TRATTENUTE) VALUES ('SREFLV99P13F839B', '26000', TO_DATE('08/07/2022', 'DD/MM/YYYY'), 0);
INSERT INTO STIPENDIO(CF_STIP, IMPORTO, DATA_STIP, TRATTENUTE) VALUES ('TWPDGQ52P10G955I', '26000', TO_DATE('08/07/2022', 'DD/MM/YYYY'), 0);
INSERT INTO STIPENDIO(CF_STIP, IMPORTO, DATA_STIP, TRATTENUTE) VALUES ('YFAQKD66C20A931A', '26000', TO_DATE('08/07/2022', 'DD/MM/YYYY'), 0);
INSERT INTO STIPENDIO(CF_STIP, IMPORTO, DATA_STIP, TRATTENUTE) VALUES ('WBLGSF83S17H670C', '3000', TO_DATE('08/07/2022', 'DD/MM/YYYY'), 0);
INSERT INTO STIPENDIO(CF_STIP, IMPORTO, DATA_STIP, TRATTENUTE) VALUES ('NLNKMP57C70H783K', '3000', TO_DATE('08/07/2022', 'DD/MM/YYYY'), 0);
INSERT INTO STIPENDIO(CF_STIP, IMPORTO, DATA_STIP, TRATTENUTE) VALUES ('CMXTCB35T08G976F', '3000', TO_DATE('08/07/2022', 'DD/MM/YYYY'), 2999);
INSERT INTO STIPENDIO(CF_STIP, IMPORTO, DATA_STIP, TRATTENUTE) VALUES ('TOEGZZ33E23B462K', '3000', TO_DATE('08/07/2022', 'DD/MM/YYYY'), 0);
INSERT INTO STIPENDIO(CF_STIP, IMPORTO, DATA_STIP, TRATTENUTE) VALUES ('WMRZBM72H10L686K', '3000', TO_DATE('08/07/2022', 'DD/MM/YYYY'), 0);
INSERT INTO STIPENDIO(CF_STIP, IMPORTO, DATA_STIP, TRATTENUTE) VALUES ('NVNPGH79E18A041C', '3000', TO_DATE('08/07/2022', 'DD/MM/YYYY'), 0);
INSERT INTO STIPENDIO(CF_STIP, IMPORTO, DATA_STIP, TRATTENUTE) VALUES ('SBVCVL47B20E126I', '3000', TO_DATE('08/07/2022', 'DD/MM/YYYY'), 0);
INSERT INTO STIPENDIO(CF_STIP, IMPORTO, DATA_STIP, TRATTENUTE) VALUES ('ZPMNTC42T24L727M', '3000', TO_DATE('08/07/2022', 'DD/MM/YYYY'), 0);
INSERT INTO STIPENDIO(CF_STIP, IMPORTO, DATA_STIP, TRATTENUTE) VALUES ('RBYLZF56L71A805E', '3000', TO_DATE('08/07/2022', 'DD/MM/YYYY'), 0);
INSERT INTO STIPENDIO(CF_STIP, IMPORTO, DATA_STIP, TRATTENUTE) VALUES ('VTGBZX28E69D271Z', '3000', TO_DATE('08/07/2022', 'DD/MM/YYYY'), 0);
INSERT INTO STIPENDIO(CF_STIP, IMPORTO, DATA_STIP, TRATTENUTE) VALUES ('VNSTFO97B54A149S', '3000', TO_DATE('08/07/2022', 'DD/MM/YYYY'), 0);
INSERT INTO STIPENDIO(CF_STIP, IMPORTO, DATA_STIP, TRATTENUTE) VALUES ('TZNCGW92P23H928A', '3000', TO_DATE('08/07/2022', 'DD/MM/YYYY'), 0);

INSERT INTO PRESENZE(CF_PRES, DATA_INIZIO_PRES, DATA_FINE_PRES) VALUES ('SREFLV99P13F839B', TO_DATE('07/07/2022 09:00:00', 'DD/MM/YYYY HH24:MI:SS'), TO_DATE('07/07/2022 20:00:00', 'DD/MM/YYYY HH24:MI:SS'));
INSERT INTO PRESENZE(CF_PRES, DATA_INIZIO_PRES, DATA_FINE_PRES) VALUES ('TWPDGQ52P10G955I', TO_DATE('07/07/2022 09:00:00', 'DD/MM/YYYY HH24:MI:SS'), TO_DATE('07/07/2022 20:00:00', 'DD/MM/YYYY HH24:MI:SS'));
INSERT INTO PRESENZE(CF_PRES, DATA_INIZIO_PRES, DATA_FINE_PRES) VALUES ('YFAQKD66C20A931A', TO_DATE('07/07/2022 09:00:00', 'DD/MM/YYYY HH24:MI:SS'), TO_DATE('07/07/2022 20:00:00', 'DD/MM/YYYY HH24:MI:SS'));
INSERT INTO PRESENZE(CF_PRES, DATA_INIZIO_PRES, DATA_FINE_PRES) VALUES ('WBLGSF83S17H670C', TO_DATE('07/07/2022 09:00:00', 'DD/MM/YYYY HH24:MI:SS'), TO_DATE('07/07/2022 20:00:00', 'DD/MM/YYYY HH24:MI:SS'));
INSERT INTO PRESENZE(CF_PRES, DATA_INIZIO_PRES, DATA_FINE_PRES) VALUES ('NLNKMP57C70H783K', TO_DATE('07/07/2022 10:00:00', 'DD/MM/YYYY HH24:MI:SS'), TO_DATE('07/07/2022 14:00:00', 'DD/MM/YYYY HH24:MI:SS'));
INSERT INTO PRESENZE(CF_PRES, DATA_INIZIO_PRES, DATA_FINE_PRES) VALUES ('CMXTCB35T08G976F', TO_DATE('07/07/2022 09:00:00', 'DD/MM/YYYY HH24:MI:SS'), TO_DATE('07/07/2022 17:00:00', 'DD/MM/YYYY HH24:MI:SS'));
INSERT INTO PRESENZE(CF_PRES, DATA_INIZIO_PRES, DATA_FINE_PRES) VALUES ('TOEGZZ33E23B462K', TO_DATE('07/07/2022 09:00:00', 'DD/MM/YYYY HH24:MI:SS'), TO_DATE('07/07/2022 17:00:00', 'DD/MM/YYYY HH24:MI:SS'));
INSERT INTO PRESENZE(CF_PRES, DATA_INIZIO_PRES, DATA_FINE_PRES) VALUES ('WMRZBM72H10L686K', TO_DATE('07/07/2022 09:00:00', 'DD/MM/YYYY HH24:MI:SS'), TO_DATE('07/07/2022 16:00:00', 'DD/MM/YYYY HH24:MI:SS'));
INSERT INTO PRESENZE(CF_PRES, DATA_INIZIO_PRES, DATA_FINE_PRES) VALUES ('NVNPGH79E18A041C', TO_DATE('07/07/2022 13:00:00', 'DD/MM/YYYY HH24:MI:SS'), TO_DATE('07/07/2022 20:00:00', 'DD/MM/YYYY HH24:MI:SS'));
INSERT INTO PRESENZE(CF_PRES, DATA_INIZIO_PRES, DATA_FINE_PRES) VALUES ('SBVCVL47B20E126I', TO_DATE('07/07/2022 09:00:00', 'DD/MM/YYYY HH24:MI:SS'), TO_DATE('07/07/2022 20:00:00', 'DD/MM/YYYY HH24:MI:SS'));
INSERT INTO PRESENZE(CF_PRES, DATA_INIZIO_PRES, DATA_FINE_PRES) VALUES ('ZPMNTC42T24L727M', TO_DATE('07/07/2022 09:00:00', 'DD/MM/YYYY HH24:MI:SS'), TO_DATE('07/07/2022 20:00:00', 'DD/MM/YYYY HH24:MI:SS'));
INSERT INTO PRESENZE(CF_PRES, DATA_INIZIO_PRES, DATA_FINE_PRES) VALUES ('RBYLZF56L71A805E', TO_DATE('07/07/2022 09:00:00', 'DD/MM/YYYY HH24:MI:SS'), TO_DATE('07/07/2022 20:00:00', 'DD/MM/YYYY HH24:MI:SS'));
INSERT INTO PRESENZE(CF_PRES, DATA_INIZIO_PRES, DATA_FINE_PRES) VALUES ('VTGBZX28E69D271Z', TO_DATE('07/07/2022 09:00:00', 'DD/MM/YYYY HH24:MI:SS'), TO_DATE('07/07/2022 20:00:00', 'DD/MM/YYYY HH24:MI:SS'));
INSERT INTO PRESENZE(CF_PRES, DATA_INIZIO_PRES, DATA_FINE_PRES) VALUES ('VNSTFO97B54A149S', TO_DATE('07/07/2022 09:00:00', 'DD/MM/YYYY HH24:MI:SS'), TO_DATE('07/07/2022 20:00:00', 'DD/MM/YYYY HH24:MI:SS'));
INSERT INTO PRESENZE(CF_PRES, DATA_INIZIO_PRES, DATA_FINE_PRES) VALUES ('TZNCGW92P23H928A', TO_DATE('07/07/2022 09:00:00', 'DD/MM/YYYY HH24:MI:SS'), TO_DATE('07/07/2022 20:00:00', 'DD/MM/YYYY HH24:MI:SS'));

INSERT INTO LAVORA_IN(DATA_IN_DIP, CF_LAVIN, QUARTIERE_LAVIN) VALUES (TO_DATE('07/07/2020', 'DD/MM/YYYY'), 'SREFLV99P13F839B', 'FOREROTTA');
INSERT INTO LAVORA_IN(DATA_IN_DIP, CF_LAVIN, QUARTIERE_LAVIN) VALUES (TO_DATE('07/07/2020', 'DD/MM/YYYY'), 'TWPDGQ52P10G955I', 'SOMMAVULCANICA');
INSERT INTO LAVORA_IN(DATA_IN_DIP, CF_LAVIN, QUARTIERE_LAVIN) VALUES (TO_DATE('07/07/2020', 'DD/MM/YYYY'), 'YFAQKD66C20A931A', 'CAVERZANO');
INSERT INTO LAVORA_IN(DATA_IN_DIP, CF_LAVIN, QUARTIERE_LAVIN) VALUES (TO_DATE('07/07/2020', 'DD/MM/YYYY'), 'RBYLZF56L71A805E', 'DATABASE');
INSERT INTO LAVORA_IN(DATA_IN_DIP, CF_LAVIN, QUARTIERE_LAVIN) VALUES (TO_DATE('07/07/2020', 'DD/MM/YYYY'), 'NLNKMP57C70H783K', 'ALGEBRA');
INSERT INTO LAVORA_IN(DATA_IN_DIP, CF_LAVIN, QUARTIERE_LAVIN) VALUES (TO_DATE('30/01/2022', 'DD/MM/YYYY'), 'CMXTCB35T08G976F', 'FOREROTTA');
INSERT INTO LAVORA_IN(DATA_IN_DIP, CF_LAVIN, QUARTIERE_LAVIN) VALUES (TO_DATE('30/01/2022', 'DD/MM/YYYY'), 'TOEGZZ33E23B462K', 'FOREROTTA');
INSERT INTO LAVORA_IN(DATA_IN_DIP, CF_LAVIN, QUARTIERE_LAVIN) VALUES (TO_DATE('30/01/2022', 'DD/MM/YYYY'), 'WMRZBM72H10L686K', 'SOMMAVULCANICA');
INSERT INTO LAVORA_IN(DATA_IN_DIP, CF_LAVIN, QUARTIERE_LAVIN) VALUES (TO_DATE('30/01/2022', 'DD/MM/YYYY'), 'NVNPGH79E18A041C', 'SOMMAVULCANICA');
INSERT INTO LAVORA_IN(DATA_IN_DIP, CF_LAVIN, QUARTIERE_LAVIN) VALUES (TO_DATE('07/07/2020', 'DD/MM/YYYY'), 'SBVCVL47B20E126I', 'SANTANASTAFRICA');
INSERT INTO LAVORA_IN(DATA_IN_DIP, CF_LAVIN, QUARTIERE_LAVIN) VALUES (TO_DATE('30/01/2022', 'DD/MM/YYYY'), 'ZPMNTC42T24L727M', 'SANTANASTAFRICA');
INSERT INTO LAVORA_IN(DATA_IN_DIP, CF_LAVIN, QUARTIERE_LAVIN) VALUES (TO_DATE('30/01/2022', 'DD/MM/YYYY'), 'VTGBZX28E69D271Z', 'DATABASE');
INSERT INTO LAVORA_IN(DATA_IN_DIP, CF_LAVIN, QUARTIERE_LAVIN) VALUES (TO_DATE('30/01/2022', 'DD/MM/YYYY'), 'VNSTFO97B54A149S', 'ALGEBRA');
INSERT INTO LAVORA_IN(DATA_IN_DIP, CF_LAVIN, QUARTIERE_LAVIN) VALUES (TO_DATE('30/01/2022', 'DD/MM/YYYY'), 'TZNCGW92P23H928A', 'ALGEBRA');
INSERT INTO LAVORA_IN(DATA_IN_DIP, CF_LAVIN, QUARTIERE_LAVIN) VALUES (TO_DATE('30/01/2022', 'DD/MM/YYYY'), 'WBLGSF83S17H670C', 'CHIAIANO');

INSERT INTO CLIENTE(NUMERO_TEL_CLIENTE, NOME_CLIENTE, COGNOME_CLIENTE) VALUES ('1254889108', 'ALEXANDRA', 'ROTANTE');
INSERT INTO CLIENTE(NUMERO_TEL_CLIENTE, NOME_CLIENTE, COGNOME_CLIENTE) VALUES ('1254889103', 'MARIAVIOLA', 'RICCIARDI'); 
INSERT INTO CLIENTE(NUMERO_TEL_CLIENTE, NOME_CLIENTE, COGNOME_CLIENTE) VALUES ('1254889115', 'MARIO', 'BIANCHI');
INSERT INTO CLIENTE(NUMERO_TEL_CLIENTE, NOME_CLIENTE, COGNOME_CLIENTE) VALUES ('1254889342', 'BRUCE', 'VOLZE');
INSERT INTO CLIENTE(NUMERO_TEL_CLIENTE, NOME_CLIENTE, COGNOME_CLIENTE) VALUES ('1254889512', 'ROSANNA', 'AMATO');
INSERT INTO CLIENTE(NUMERO_TEL_CLIENTE, NOME_CLIENTE, COGNOME_CLIENTE) VALUES ('1254889678', 'NELLO', 'CASTELLONE');
INSERT INTO CLIENTE(NUMERO_TEL_CLIENTE, NOME_CLIENTE, COGNOME_CLIENTE) VALUES ('1254889632', 'TONY', 'STRANO');
INSERT INTO CLIENTE(NUMERO_TEL_CLIENTE, NOME_CLIENTE, COGNOME_CLIENTE) VALUES ('1254889123', 'CONCORDIA', 'RUSSO');
INSERT INTO CLIENTE(NUMERO_TEL_CLIENTE, NOME_CLIENTE, COGNOME_CLIENTE) VALUES ('1254889321', 'GIUSY', 'DEROSE');
INSERT INTO CLIENTE(NUMERO_TEL_CLIENTE, NOME_CLIENTE, COGNOME_CLIENTE) VALUES ('1254889333', 'ALBERTA', 'MANNA');
INSERT INTO CLIENTE(NUMERO_TEL_CLIENTE, NOME_CLIENTE, COGNOME_CLIENTE) VALUES ('1254889666', 'ROMOLA', 'MARCELO');
INSERT INTO CLIENTE(NUMERO_TEL_CLIENTE, NOME_CLIENTE, COGNOME_CLIENTE) VALUES ('1254889999', 'AUSONIA', 'GALLO');
INSERT INTO CLIENTE(NUMERO_TEL_CLIENTE, NOME_CLIENTE, COGNOME_CLIENTE) VALUES ('1254889456', 'ADELMIO', 'PISANI');
INSERT INTO CLIENTE(NUMERO_TEL_CLIENTE, NOME_CLIENTE, COGNOME_CLIENTE) VALUES ('1254889654', 'LUCIUS', 'FONTI');
INSERT INTO CLIENTE(NUMERO_TEL_CLIENTE, NOME_CLIENTE, COGNOME_CLIENTE) VALUES ('1254889789', 'RAIMONDO', 'PIAZZA');

INSERT INTO TESSERA(ID_TESSERA, DATA_EMISSIONE_TESSERA, DATA_SCADENZA_TESSERA, NUMERO_TEL_TESSERA, QUARTIERE_TESSERA) VALUES (1, TO_DATE('08/03/2022', 'DD/MM/YYYY'), TO_DATE('08/03/2023', 'DD/MM/YYYY'), '1254889108', 'FOREROTTA');
INSERT INTO TESSERA(ID_TESSERA, DATA_EMISSIONE_TESSERA, DATA_SCADENZA_TESSERA, NUMERO_TEL_TESSERA, QUARTIERE_TESSERA) VALUES (2, TO_DATE('02/03/2022', 'DD/MM/YYYY'), TO_DATE('02/03/2023', 'DD/MM/YYYY'), '1254889342', 'SOMMAVULCANICA');
INSERT INTO TESSERA(ID_TESSERA, DATA_EMISSIONE_TESSERA, DATA_SCADENZA_TESSERA, NUMERO_TEL_TESSERA, QUARTIERE_TESSERA) VALUES (3, TO_DATE('05/03/2022', 'DD/MM/YYYY'), TO_DATE('05/03/2023', 'DD/MM/YYYY'), '1254889512', 'CAVERZANO');
INSERT INTO TESSERA(ID_TESSERA, DATA_EMISSIONE_TESSERA, DATA_SCADENZA_TESSERA, NUMERO_TEL_TESSERA, QUARTIERE_TESSERA) VALUES (4, TO_DATE('05/03/2022', 'DD/MM/YYYY'), TO_DATE('05/03/2023', 'DD/MM/YYYY'), '1254889678', 'ALGEBRA');
INSERT INTO TESSERA(ID_TESSERA, DATA_EMISSIONE_TESSERA, DATA_SCADENZA_TESSERA, NUMERO_TEL_TESSERA, QUARTIERE_TESSERA) VALUES (5, TO_DATE('05/03/2022', 'DD/MM/YYYY'), TO_DATE('05/03/2023', 'DD/MM/YYYY'), '1254889632', 'DATABASE');
INSERT INTO TESSERA(ID_TESSERA, DATA_EMISSIONE_TESSERA, DATA_SCADENZA_TESSERA, NUMERO_TEL_TESSERA, QUARTIERE_TESSERA) VALUES (6, TO_DATE('05/03/2022', 'DD/MM/YYYY'), TO_DATE('05/03/2023', 'DD/MM/YYYY'), '1254889123', 'SANTANASTAFRICA');
INSERT INTO TESSERA(ID_TESSERA, DATA_EMISSIONE_TESSERA, DATA_SCADENZA_TESSERA, NUMERO_TEL_TESSERA, QUARTIERE_TESSERA) VALUES (7, TO_DATE('08/03/2022', 'DD/MM/YYYY'), TO_DATE('08/03/2023', 'DD/MM/YYYY'), '1254889321', 'ARENELLA');
INSERT INTO TESSERA(ID_TESSERA, DATA_EMISSIONE_TESSERA, DATA_SCADENZA_TESSERA, NUMERO_TEL_TESSERA, QUARTIERE_TESSERA) VALUES (8, TO_DATE('08/03/2022', 'DD/MM/YYYY'), TO_DATE('08/03/2023', 'DD/MM/YYYY'), '1254889333', 'BAGNOLI');
INSERT INTO TESSERA(ID_TESSERA, DATA_EMISSIONE_TESSERA, DATA_SCADENZA_TESSERA, NUMERO_TEL_TESSERA, QUARTIERE_TESSERA) VALUES (9, TO_DATE('08/03/2022', 'DD/MM/YYYY'), TO_DATE('08/03/2023', 'DD/MM/YYYY'), '1254889666', 'CHIAIA');
INSERT INTO TESSERA(ID_TESSERA, DATA_EMISSIONE_TESSERA, DATA_SCADENZA_TESSERA, NUMERO_TEL_TESSERA, QUARTIERE_TESSERA) VALUES (10, TO_DATE('08/03/2022', 'DD/MM/YYYY'), TO_DATE('08/03/2023', 'DD/MM/YYYY'), '1254889999', 'CHIAIANO');
INSERT INTO TESSERA(ID_TESSERA, DATA_EMISSIONE_TESSERA, DATA_SCADENZA_TESSERA, NUMERO_TEL_TESSERA, QUARTIERE_TESSERA) VALUES (11, TO_DATE('08/03/2022', 'DD/MM/YYYY'), TO_DATE('08/03/2023', 'DD/MM/YYYY'), '1254889456', 'MARIANELLA');
INSERT INTO TESSERA(ID_TESSERA, DATA_EMISSIONE_TESSERA, DATA_SCADENZA_TESSERA, NUMERO_TEL_TESSERA, QUARTIERE_TESSERA) VALUES (12, TO_DATE('08/03/2022', 'DD/MM/YYYY'), TO_DATE('08/03/2023', 'DD/MM/YYYY'), '1254889654', 'PISCINOLA');
INSERT INTO TESSERA(ID_TESSERA, DATA_EMISSIONE_TESSERA, DATA_SCADENZA_TESSERA, NUMERO_TEL_TESSERA, QUARTIERE_TESSERA) VALUES (13, TO_DATE('08/03/2022', 'DD/MM/YYYY'), TO_DATE('08/03/2023', 'DD/MM/YYYY'), '1254889789', 'PONTICELLI');
INSERT INTO TESSERA(ID_TESSERA, DATA_EMISSIONE_TESSERA, DATA_SCADENZA_TESSERA, NUMERO_TEL_TESSERA, QUARTIERE_TESSERA) VALUES (14, TO_DATE('08/03/2022', 'DD/MM/YYYY'), TO_DATE('08/03/2023', 'DD/MM/YYYY'), '1254889103', 'POSILLIPO');
INSERT INTO TESSERA(ID_TESSERA, DATA_EMISSIONE_TESSERA, DATA_SCADENZA_TESSERA, NUMERO_TEL_TESSERA, QUARTIERE_TESSERA) VALUES (15, TO_DATE('08/03/2022', 'DD/MM/YYYY'), TO_DATE('08/03/2023', 'DD/MM/YYYY'), '1254889115', 'SCAMPIA');

INSERT INTO CORRIERE(PIVA_CORRIERE, NOME_CORRIERE) VALUES ('68903970322', 'POSTE_ITALANE');
INSERT INTO CORRIERE(PIVA_CORRIERE, NOME_CORRIERE) VALUES ('60538180144', 'GLF');
INSERT INTO CORRIERE(PIVA_CORRIERE, NOME_CORRIERE) VALUES ('67904120789', 'BARTOLONE');
INSERT INTO CORRIERE(PIVA_CORRIERE, NOME_CORRIERE) VALUES ('69848540111', 'DHJ');
INSERT INTO CORRIERE(PIVA_CORRIERE, NOME_CORRIERE) VALUES ('68903970213', 'CORRIVA');
INSERT INTO CORRIERE(PIVA_CORRIERE, NOME_CORRIERE) VALUES ('68903970321', 'MANCSPEDIZ');
INSERT INTO CORRIERE(PIVA_CORRIERE, NOME_CORRIERE) VALUES ('68903970456', 'POSTINO');
INSERT INTO CORRIERE(PIVA_CORRIERE, NOME_CORRIERE) VALUES ('68903970654', 'SUPPOST');
INSERT INTO CORRIERE(PIVA_CORRIERE, NOME_CORRIERE) VALUES ('68903970777', 'EMAIL');
INSERT INTO CORRIERE(PIVA_CORRIERE, NOME_CORRIERE) VALUES ('68903970789', 'POSTONE');
INSERT INTO CORRIERE(PIVA_CORRIERE, NOME_CORRIERE) VALUES ('68903970987', 'POSTIT');
INSERT INTO CORRIERE(PIVA_CORRIERE, NOME_CORRIERE) VALUES ('68903970000', 'POSTNA');
INSERT INTO CORRIERE(PIVA_CORRIERE, NOME_CORRIERE) VALUES ('68903970311', 'POSTE_NAPOLETANE');
INSERT INTO CORRIERE(PIVA_CORRIERE, NOME_CORRIERE) VALUES ('68903970341', 'POSTEUNI');
INSERT INTO CORRIERE(PIVA_CORRIERE, NOME_CORRIERE) VALUES ('68903970564', 'POSTEDATI');

INSERT INTO CASA_PROD(PIVA_CASAPROD, NOME_CASAPROD) VALUES ('68903970959', 'UniversaMusicIta');
INSERT INTO CASA_PROD(PIVA_CASAPROD, NOME_CASAPROD) VALUES ('60538180427', 'SoniMusic');
INSERT INTO CASA_PROD(PIVA_CASAPROD, NOME_CASAPROD) VALUES ('67904120994', 'WarneMusicIta');
INSERT INTO CASA_PROD(PIVA_CASAPROD, NOME_CASAPROD) VALUES ('51714070870', 'Belive');
INSERT INTO CASA_PROD(PIVA_CASAPROD, NOME_CASAPROD) VALUES ('69848540154', 'TheOrchad');
INSERT INTO CASA_PROD(PIVA_CASAPROD, NOME_CASAPROD) VALUES ('79963540910', 'CasProde');
INSERT INTO CASA_PROD(PIVA_CASAPROD, NOME_CASAPROD) VALUES ('79732540910', 'SicLuc');
INSERT INTO CASA_PROD(PIVA_CASAPROD, NOME_CASAPROD) VALUES ('79628654910', 'NicoBeats');
INSERT INTO CASA_PROD(PIVA_CASAPROD, NOME_CASAPROD) VALUES ('79628554310', 'LeScimmie');
INSERT INTO CASA_PROD(PIVA_CASAPROD, NOME_CASAPROD) VALUES ('79623440910', 'Luche');
INSERT INTO CASA_PROD(PIVA_CASAPROD, NOME_CASAPROD) VALUES ('79698740910', 'ValeLambo');
INSERT INTO CASA_PROD(PIVA_CASAPROD, NOME_CASAPROD) VALUES ('79687640910', 'LeleBlade');
INSERT INTO CASA_PROD(PIVA_CASAPROD, NOME_CASAPROD) VALUES ('79667840910', 'TheVoice');
INSERT INTO CASA_PROD(PIVA_CASAPROD, NOME_CASAPROD) VALUES ('45628540910', 'Clementine');
INSERT INTO CASA_PROD(PIVA_CASAPROD, NOME_CASAPROD) VALUES ('12328540910', 'Gigi');

INSERT INTO PRODOTTO(CODICE_PRODOTTO, NOME_PRODOTTO, PREZZO_PRODOTTO, PUNTI_PRODOTTO, CP_PIVA_PRODOTTO, CATEGORIA_PRODOTTO) VALUES ('A-000000001-Z', 'Bollicine', 50, 50, '68903970959', 0);
INSERT INTO PRODOTTO(CODICE_PRODOTTO, NOME_PRODOTTO, PREZZO_PRODOTTO, PUNTI_PRODOTTO, CP_PIVA_PRODOTTO, CATEGORIA_PRODOTTO) VALUES ('A-000000002-Z', 'LaVoceDelLadrone', 50, 50, '68903970959', 0);
INSERT INTO PRODOTTO(CODICE_PRODOTTO, NOME_PRODOTTO, PREZZO_PRODOTTO, PUNTI_PRODOTTO, CP_PIVA_PRODOTTO, CATEGORIA_PRODOTTO) VALUES ('A-000000003-Z', 'UnaDonnaPerNemico', 50, 50, '68903970959', 0);
INSERT INTO PRODOTTO(CODICE_PRODOTTO, NOME_PRODOTTO, PREZZO_PRODOTTO, PUNTI_PRODOTTO, CP_PIVA_PRODOTTO, CATEGORIA_PRODOTTO) VALUES ('A-000000004-Z', 'Lorenzo1995', 50, 50, '60538180427', 0);
INSERT INTO PRODOTTO(CODICE_PRODOTTO, NOME_PRODOTTO, PREZZO_PRODOTTO, PUNTI_PRODOTTO, CP_PIVA_PRODOTTO, CATEGORIA_PRODOTTO) VALUES ('A-000000005-Z', 'OvunqueProtegge', 50, 50, '60538180427', 0);
INSERT INTO PRODOTTO(CODICE_PRODOTTO, NOME_PRODOTTO, PREZZO_PRODOTTO, PUNTI_PRODOTTO, CP_PIVA_PRODOTTO, CATEGORIA_PRODOTTO) VALUES ('A-000000006-Z', 'Siberia', 50, 50, '60538180427', 0);
INSERT INTO PRODOTTO(CODICE_PRODOTTO, NOME_PRODOTTO, PREZZO_PRODOTTO, PUNTI_PRODOTTO, CP_PIVA_PRODOTTO, CATEGORIA_PRODOTTO) VALUES ('A-000000007-Z', 'LineaGoth', 50, 50, '67904120994', 0);
INSERT INTO PRODOTTO(CODICE_PRODOTTO, NOME_PRODOTTO, PREZZO_PRODOTTO, PUNTI_PRODOTTO, CP_PIVA_PRODOTTO, CATEGORIA_PRODOTTO) VALUES ('A-000000008-Z', 'BuonCompleannoElvis', 50, 50, '67904120994', 0);
INSERT INTO PRODOTTO(CODICE_PRODOTTO, NOME_PRODOTTO, PREZZO_PRODOTTO, PUNTI_PRODOTTO, CP_PIVA_PRODOTTO, CATEGORIA_PRODOTTO) VALUES ('A-000000009-Z', 'IBraviEICattivi', 50, 50, '67904120994', 0);
INSERT INTO PRODOTTO(CODICE_PRODOTTO, NOME_PRODOTTO, PREZZO_PRODOTTO, PUNTI_PRODOTTO, CP_PIVA_PRODOTTO, CATEGORIA_PRODOTTO) VALUES ('A-000000010-Z', 'MioFratelloUnico', 50, 50, '51714070870', 0);
INSERT INTO PRODOTTO(CODICE_PRODOTTO, NOME_PRODOTTO, PREZZO_PRODOTTO, PUNTI_PRODOTTO, CP_PIVA_PRODOTTO, CATEGORIA_PRODOTTO) VALUES ('A-000000011-Z', 'MicrochipEmozionante', 50, 50, '51714070870', 0);
INSERT INTO PRODOTTO(CODICE_PRODOTTO, NOME_PRODOTTO, PREZZO_PRODOTTO, PUNTI_PRODOTTO, CP_PIVA_PRODOTTO, CATEGORIA_PRODOTTO) VALUES ('A-000000012-Z', 'NeroPerMeta', 50, 50, '51714070870', 0);
INSERT INTO PRODOTTO(CODICE_PRODOTTO, NOME_PRODOTTO, PREZZO_PRODOTTO, PUNTI_PRODOTTO, CP_PIVA_PRODOTTO, CATEGORIA_PRODOTTO) VALUES ('A-000000013-Z', 'Stanza', 50, 50, '69848540154', 0);
INSERT INTO PRODOTTO(CODICE_PRODOTTO, NOME_PRODOTTO, PREZZO_PRODOTTO, PUNTI_PRODOTTO, CP_PIVA_PRODOTTO, CATEGORIA_PRODOTTO) VALUES ('A-000000014-Z', 'Wow', 50, 50, '69848540154', 0);
INSERT INTO PRODOTTO(CODICE_PRODOTTO, NOME_PRODOTTO, PREZZO_PRODOTTO, PUNTI_PRODOTTO, CP_PIVA_PRODOTTO, CATEGORIA_PRODOTTO) VALUES ('A-000000015-Z', 'Rimmell', 50, 50,'69848540154', 0);

INSERT INTO FORNITORE(NOME_FORNITORE, PIVA_FORNITORE, CAP_FORNITORE, CITTA_FORNITORE) VALUES ('B2BGraffeeti', '58574690861', '80100', 'FOREROTTA');
INSERT INTO FORNITORE(NOME_FORNITORE, PIVA_FORNITORE, CAP_FORNITORE, CITTA_FORNITORE) VALUES ('MotikO', '37531470260', '80100', 'SOMMAVULCANICA');
INSERT INTO FORNITORE(NOME_FORNITORE, PIVA_FORNITORE, CAP_FORNITORE, CITTA_FORNITORE) VALUES ('DeChecco', '26272180063', '80121', 'CASERTE');
INSERT INTO FORNITORE(NOME_FORNITORE, PIVA_FORNITORE, CAP_FORNITORE, CITTA_FORNITORE) VALUES ('FashionLuxu', '22876910591', '80123', 'CAVERZANO');
INSERT INTO FORNITORE(NOME_FORNITORE, PIVA_FORNITORE, CAP_FORNITORE, CITTA_FORNITORE) VALUES ('Favile', '15597970662', '80124', 'TELODO');
INSERT INTO FORNITORE(NOME_FORNITORE, PIVA_FORNITORE, CAP_FORNITORE, CITTA_FORNITORE) VALUES ('NeapolitanBoutique', '35349810537', '80136', 'MUSEI');
INSERT INTO FORNITORE(NOME_FORNITORE, PIVA_FORNITORE, CAP_FORNITORE, CITTA_FORNITORE) VALUES ('Nuagwe', '24067500884', '80112', 'VANVITELLO');
INSERT INTO FORNITORE(NOME_FORNITORE, PIVA_FORNITORE, CAP_FORNITORE, CITTA_FORNITORE) VALUES ('DesjaVu', '24142410943', '80127', 'DENTE');
INSERT INTO FORNITORE(NOME_FORNITORE, PIVA_FORNITORE, CAP_FORNITORE, CITTA_FORNITORE) VALUES ('ITATASTE', '58532190861', '80321', 'CHIAIA');
INSERT INTO FORNITORE(NOME_FORNITORE, PIVA_FORNITORE, CAP_FORNITORE, CITTA_FORNITORE) VALUES ('CremaCaffe', '58512390861', '80123', 'FORCELLA');
INSERT INTO FORNITORE(NOME_FORNITORE, PIVA_FORNITORE, CAP_FORNITORE, CITTA_FORNITORE) VALUES ('MondoCapsula', '58545690861', '80432', 'CHIAIANO');
INSERT INTO FORNITORE(NOME_FORNITORE, PIVA_FORNITORE, CAP_FORNITORE, CITTA_FORNITORE) VALUES ('ProdottiAltamura', '58565490861', '80231', 'MARIANELLA');
INSERT INTO FORNITORE(NOME_FORNITORE, PIVA_FORNITORE, CAP_FORNITORE, CITTA_FORNITORE) VALUES ('ShopLanghe', '58578990861', '80100', 'MARANO');
INSERT INTO FORNITORE(NOME_FORNITORE, PIVA_FORNITORE, CAP_FORNITORE, CITTA_FORNITORE) VALUES ('VillaColonna', '58598790861', '80154', 'FOREROTTA');
INSERT INTO FORNITORE(NOME_FORNITORE, PIVA_FORNITORE, CAP_FORNITORE, CITTA_FORNITORE) VALUES ('MyShop', '58574612361', '80765', 'CAVERZANO');

INSERT INTO FORNITURA(TRACKING_FORNITURA, DATA_FORNITURA, PIVA_FORNITURA, QUARTIERE_FORNITURA) VALUES ('adIdPFc0', TO_DATE('01/07/2022', 'DD/MM/YYYY'), '58574690861', 'CAVERZANO');
INSERT INTO FORNITURA(TRACKING_FORNITURA, DATA_FORNITURA, PIVA_FORNITURA, QUARTIERE_FORNITURA) VALUES ('RjnnGsjv', TO_DATE('01/07/2022', 'DD/MM/YYYY'), '37531470260', 'FOREROTTA');
INSERT INTO FORNITURA(TRACKING_FORNITURA, DATA_FORNITURA, PIVA_FORNITURA, QUARTIERE_FORNITURA) VALUES ('iMXCfR7p', TO_DATE('01/07/2022', 'DD/MM/YYYY'), '26272180063', 'SOMMAVULCANICA');
INSERT INTO FORNITURA(TRACKING_FORNITURA, DATA_FORNITURA, PIVA_FORNITURA, QUARTIERE_FORNITURA) VALUES ('y3a1Q8op', TO_DATE('01/07/2022', 'DD/MM/YYYY'), '22876910591', 'CAVERZANO');
INSERT INTO FORNITURA(TRACKING_FORNITURA, DATA_FORNITURA, PIVA_FORNITURA, QUARTIERE_FORNITURA) VALUES ('QzhBJZWW', TO_DATE('01/07/2022', 'DD/MM/YYYY'), '15597970662', 'FOREROTTA');
INSERT INTO FORNITURA(TRACKING_FORNITURA, DATA_FORNITURA, PIVA_FORNITURA, QUARTIERE_FORNITURA) VALUES ('zKjF8BXv', TO_DATE('01/07/2022', 'DD/MM/YYYY'), '35349810537', 'SOMMAVULCANICA');
INSERT INTO FORNITURA(TRACKING_FORNITURA, DATA_FORNITURA, PIVA_FORNITURA, QUARTIERE_FORNITURA) VALUES ('Usjqsoqz', TO_DATE('01/07/2022', 'DD/MM/YYYY'), '24067500884', 'ALGEBRA');
INSERT INTO FORNITURA(TRACKING_FORNITURA, DATA_FORNITURA, PIVA_FORNITURA, QUARTIERE_FORNITURA) VALUES ('TBVdEApv', TO_DATE('01/07/2022', 'DD/MM/YYYY'), '24142410943', 'DATABASE');
INSERT INTO FORNITURA(TRACKING_FORNITURA, DATA_FORNITURA, PIVA_FORNITURA, QUARTIERE_FORNITURA) VALUES ('LCEzrnOK', TO_DATE('01/07/2022', 'DD/MM/YYYY'), '58532190861', 'CAVERZANO');
INSERT INTO FORNITURA(TRACKING_FORNITURA, DATA_FORNITURA, PIVA_FORNITURA, QUARTIERE_FORNITURA) VALUES ('4zjriKg2', TO_DATE('01/07/2022', 'DD/MM/YYYY'), '58512390861', 'FOREROTTA');
INSERT INTO FORNITURA(TRACKING_FORNITURA, DATA_FORNITURA, PIVA_FORNITURA, QUARTIERE_FORNITURA) VALUES ('wHwd6m00', TO_DATE('01/07/2022', 'DD/MM/YYYY'), '58545690861', 'DATABASE');
INSERT INTO FORNITURA(TRACKING_FORNITURA, DATA_FORNITURA, PIVA_FORNITURA, QUARTIERE_FORNITURA) VALUES ('XlHqLQlC', TO_DATE('01/07/2022', 'DD/MM/YYYY'), '58565490861', 'CHIAIA');
INSERT INTO FORNITURA(TRACKING_FORNITURA, DATA_FORNITURA, PIVA_FORNITURA, QUARTIERE_FORNITURA) VALUES ('8HLC5PND', TO_DATE('01/07/2022', 'DD/MM/YYYY'), '58578990861', 'ALGEBRA');
INSERT INTO FORNITURA(TRACKING_FORNITURA, DATA_FORNITURA, PIVA_FORNITURA, QUARTIERE_FORNITURA) VALUES ('Z7MUQFmG', TO_DATE('01/07/2022', 'DD/MM/YYYY'), '58598790861', 'CHIAIANO');
INSERT INTO FORNITURA(TRACKING_FORNITURA, DATA_FORNITURA, PIVA_FORNITURA, QUARTIERE_FORNITURA) VALUES ('dvi1WHbe', TO_DATE('01/07/2022', 'DD/MM/YYYY'), '58574612361', 'BAGNOLI');

INSERT INTO CONTENUTO_FORN(CODICE_CONTFORN, DATA_FORNITURA_CONTFORN, TRACKING_CONTFORN, COSTO_CONTFORN, QUANTITY_CONTFORN) VALUES ('A-000000001-Z', TO_DATE('01/07/2022', 'DD/MM/YYYY'), 'adIdPFc0', '1000', '30');
INSERT INTO CONTENUTO_FORN(CODICE_CONTFORN, DATA_FORNITURA_CONTFORN, TRACKING_CONTFORN, COSTO_CONTFORN, QUANTITY_CONTFORN) VALUES ('A-000000002-Z', TO_DATE('01/07/2022', 'DD/MM/YYYY'), 'RjnnGsjv', '1000', '30');
INSERT INTO CONTENUTO_FORN(CODICE_CONTFORN, DATA_FORNITURA_CONTFORN, TRACKING_CONTFORN, COSTO_CONTFORN, QUANTITY_CONTFORN) VALUES ('A-000000003-Z', TO_DATE('01/07/2022', 'DD/MM/YYYY'), 'iMXCfR7p', '1000', '30');
INSERT INTO CONTENUTO_FORN(CODICE_CONTFORN, DATA_FORNITURA_CONTFORN, TRACKING_CONTFORN, COSTO_CONTFORN, QUANTITY_CONTFORN) VALUES ('A-000000004-Z', TO_DATE('01/07/2022', 'DD/MM/YYYY'), 'y3a1Q8op', '1000', '30');
INSERT INTO CONTENUTO_FORN(CODICE_CONTFORN, DATA_FORNITURA_CONTFORN, TRACKING_CONTFORN, COSTO_CONTFORN, QUANTITY_CONTFORN) VALUES ('A-000000005-Z', TO_DATE('01/07/2022', 'DD/MM/YYYY'), 'QzhBJZWW', '1000', '30');
INSERT INTO CONTENUTO_FORN(CODICE_CONTFORN, DATA_FORNITURA_CONTFORN, TRACKING_CONTFORN, COSTO_CONTFORN, QUANTITY_CONTFORN) VALUES ('A-000000006-Z', TO_DATE('01/07/2022', 'DD/MM/YYYY'), 'zKjF8BXv', '1000', '30');
INSERT INTO CONTENUTO_FORN(CODICE_CONTFORN, DATA_FORNITURA_CONTFORN, TRACKING_CONTFORN, COSTO_CONTFORN, QUANTITY_CONTFORN) VALUES ('A-000000007-Z', TO_DATE('01/07/2022', 'DD/MM/YYYY'), 'Usjqsoqz', '1000', '30');
INSERT INTO CONTENUTO_FORN(CODICE_CONTFORN, DATA_FORNITURA_CONTFORN, TRACKING_CONTFORN, COSTO_CONTFORN, QUANTITY_CONTFORN) VALUES ('A-000000008-Z', TO_DATE('01/07/2022', 'DD/MM/YYYY'), 'TBVdEApv', '1000', '30');
INSERT INTO CONTENUTO_FORN(CODICE_CONTFORN, DATA_FORNITURA_CONTFORN, TRACKING_CONTFORN, COSTO_CONTFORN, QUANTITY_CONTFORN) VALUES ('A-000000009-Z', TO_DATE('01/07/2022', 'DD/MM/YYYY'), 'LCEzrnOK', '1000', '30');
INSERT INTO CONTENUTO_FORN(CODICE_CONTFORN, DATA_FORNITURA_CONTFORN, TRACKING_CONTFORN, COSTO_CONTFORN, QUANTITY_CONTFORN) VALUES ('A-000000010-Z', TO_DATE('01/07/2022', 'DD/MM/YYYY'), '4zjriKg2', '1000', '30');
INSERT INTO CONTENUTO_FORN(CODICE_CONTFORN, DATA_FORNITURA_CONTFORN, TRACKING_CONTFORN, COSTO_CONTFORN, QUANTITY_CONTFORN) VALUES ('A-000000011-Z', TO_DATE('01/07/2022', 'DD/MM/YYYY'), 'wHwd6m00', '1000', '30');
INSERT INTO CONTENUTO_FORN(CODICE_CONTFORN, DATA_FORNITURA_CONTFORN, TRACKING_CONTFORN, COSTO_CONTFORN, QUANTITY_CONTFORN) VALUES ('A-000000012-Z', TO_DATE('01/07/2022', 'DD/MM/YYYY'), 'XlHqLQlC', '1000', '30');
INSERT INTO CONTENUTO_FORN(CODICE_CONTFORN, DATA_FORNITURA_CONTFORN, TRACKING_CONTFORN, COSTO_CONTFORN, QUANTITY_CONTFORN) VALUES ('A-000000013-Z', TO_DATE('01/07/2022', 'DD/MM/YYYY'), '8HLC5PND', '1000', '30');
INSERT INTO CONTENUTO_FORN(CODICE_CONTFORN, DATA_FORNITURA_CONTFORN, TRACKING_CONTFORN, COSTO_CONTFORN, QUANTITY_CONTFORN) VALUES ('A-000000014-Z', TO_DATE('01/07/2022', 'DD/MM/YYYY'), 'Z7MUQFmG', '1000', '30');
INSERT INTO CONTENUTO_FORN(CODICE_CONTFORN, DATA_FORNITURA_CONTFORN, TRACKING_CONTFORN, COSTO_CONTFORN, QUANTITY_CONTFORN) VALUES ('A-000000015-Z', TO_DATE('01/07/2022', 'DD/MM/YYYY'), 'dvi1WHbe', '1000', '30');

INSERT INTO CARRELLO(ID_CARRELLO, ID_TESSERA_CARRELLO) VALUES (1,1);
INSERT INTO CARRELLO(ID_CARRELLO, ID_TESSERA_CARRELLO) VALUES (2,NULL);
INSERT INTO CARRELLO(ID_CARRELLO, ID_TESSERA_CARRELLO) VALUES (3,NULL);
INSERT INTO CARRELLO(ID_CARRELLO, ID_TESSERA_CARRELLO) VALUES (4,3);
INSERT INTO CARRELLO(ID_CARRELLO, ID_TESSERA_CARRELLO) VALUES (5,1);
INSERT INTO CARRELLO(ID_CARRELLO, ID_TESSERA_CARRELLO) VALUES (6,2);
INSERT INTO CARRELLO(ID_CARRELLO, ID_TESSERA_CARRELLO) VALUES (7,5);
INSERT INTO CARRELLO(ID_CARRELLO, ID_TESSERA_CARRELLO) VALUES (8,NULL);
INSERT INTO CARRELLO(ID_CARRELLO, ID_TESSERA_CARRELLO) VALUES (9,4);
INSERT INTO CARRELLO(ID_CARRELLO, ID_TESSERA_CARRELLO) VALUES (10,NULL);
INSERT INTO CARRELLO(ID_CARRELLO, ID_TESSERA_CARRELLO) VALUES (11,6);
INSERT INTO CARRELLO(ID_CARRELLO, ID_TESSERA_CARRELLO) VALUES (12,7);
INSERT INTO CARRELLO(ID_CARRELLO, ID_TESSERA_CARRELLO) VALUES (13,9);
INSERT INTO CARRELLO(ID_CARRELLO, ID_TESSERA_CARRELLO) VALUES (14,12);
INSERT INTO CARRELLO(ID_CARRELLO, ID_TESSERA_CARRELLO) VALUES (15,NULL);

INSERT INTO INCLUDE(ID_INCLUDE, CODICE_INCLUDE, SCONTO_INCLUDE, QUANTITY_INCLUDE) VALUES (1, 'A-000000001-Z', 0, 3);
INSERT INTO INCLUDE(ID_INCLUDE, CODICE_INCLUDE, SCONTO_INCLUDE, QUANTITY_INCLUDE) VALUES (2, 'A-000000001-Z', 0, 6);
INSERT INTO INCLUDE(ID_INCLUDE, CODICE_INCLUDE, SCONTO_INCLUDE, QUANTITY_INCLUDE) VALUES (3, 'A-000000002-Z', 0, 16);
INSERT INTO INCLUDE(ID_INCLUDE, CODICE_INCLUDE, SCONTO_INCLUDE, QUANTITY_INCLUDE) VALUES (4, 'A-000000002-Z', 33, 4);
INSERT INTO INCLUDE(ID_INCLUDE, CODICE_INCLUDE, SCONTO_INCLUDE, QUANTITY_INCLUDE) VALUES (5, 'A-000000003-Z', 0, 25);
INSERT INTO INCLUDE(ID_INCLUDE, CODICE_INCLUDE, SCONTO_INCLUDE, QUANTITY_INCLUDE) VALUES (6, 'A-000000004-Z', 20, 7);
INSERT INTO INCLUDE(ID_INCLUDE, CODICE_INCLUDE, SCONTO_INCLUDE, QUANTITY_INCLUDE) VALUES (7, 'A-000000005-Z', 15, 56);
INSERT INTO INCLUDE(ID_INCLUDE, CODICE_INCLUDE, SCONTO_INCLUDE, QUANTITY_INCLUDE) VALUES (8, 'A-000000006-Z', 0, 100);
INSERT INTO INCLUDE(ID_INCLUDE, CODICE_INCLUDE, SCONTO_INCLUDE, QUANTITY_INCLUDE) VALUES (9, 'A-000000007-Z', 10, 33);
INSERT INTO INCLUDE(ID_INCLUDE, CODICE_INCLUDE, SCONTO_INCLUDE, QUANTITY_INCLUDE) VALUES (10, 'A-000000008-Z', 5, 12);
INSERT INTO INCLUDE(ID_INCLUDE, CODICE_INCLUDE, SCONTO_INCLUDE, QUANTITY_INCLUDE) VALUES (11, 'A-000000009-Z', 0, 2);
INSERT INTO INCLUDE(ID_INCLUDE, CODICE_INCLUDE, SCONTO_INCLUDE, QUANTITY_INCLUDE) VALUES (12, 'A-000000010-Z', 33, 3);
INSERT INTO INCLUDE(ID_INCLUDE, CODICE_INCLUDE, SCONTO_INCLUDE, QUANTITY_INCLUDE) VALUES (13, 'A-000000011-Z', 0, 15);
INSERT INTO INCLUDE(ID_INCLUDE, CODICE_INCLUDE, SCONTO_INCLUDE, QUANTITY_INCLUDE) VALUES (14, 'A-000000009-Z', 5, 25);
INSERT INTO INCLUDE(ID_INCLUDE, CODICE_INCLUDE, SCONTO_INCLUDE, QUANTITY_INCLUDE) VALUES (15, 'A-000000011-Z', 0, 33);

INSERT INTO SPEDIZIONE(ID_CARRELLO_SPEDIZIONE, DATA_SPEDIZIONE, TRACKING_SPEDIZIONE, CAP_SPEDIZIONE, CITTA_SPEDIZIONE, VIA_SPEDIZIONE, COSTO_SPEDIZIONE, PIVA_SPEDIZIONE) VALUES (1, TO_DATE('11/07/2022', 'DD/MM/YYYY'), 'KW2k1NiT', '80100', 'CAVERZANO', 'VIA FASULLA', 5, '60538180144');
INSERT INTO SPEDIZIONE(ID_CARRELLO_SPEDIZIONE, DATA_SPEDIZIONE, TRACKING_SPEDIZIONE, CAP_SPEDIZIONE, CITTA_SPEDIZIONE, VIA_SPEDIZIONE, COSTO_SPEDIZIONE, PIVA_SPEDIZIONE) VALUES (2, TO_DATE('09/07/2022', 'DD/MM/YYYY'), 'lQeAKlz5', '80115', 'FOREROTTA', 'VIA MOSTRA', 5, '60538180144');
INSERT INTO SPEDIZIONE(ID_CARRELLO_SPEDIZIONE, DATA_SPEDIZIONE, TRACKING_SPEDIZIONE, CAP_SPEDIZIONE, CITTA_SPEDIZIONE, VIA_SPEDIZIONE, COSTO_SPEDIZIONE, PIVA_SPEDIZIONE) VALUES (3, TO_DATE('05/07/2022', 'DD/MM/YYYY'), 'MLo20uqi', '80687', 'SOMMAVULCANICA', 'VIA ESPLOSIVA', 5, '60538180144');
INSERT INTO SPEDIZIONE(ID_CARRELLO_SPEDIZIONE, DATA_SPEDIZIONE, TRACKING_SPEDIZIONE, CAP_SPEDIZIONE, CITTA_SPEDIZIONE, VIA_SPEDIZIONE, COSTO_SPEDIZIONE, PIVA_SPEDIZIONE) VALUES (4, TO_DATE('11/07/2022', 'DD/MM/YYYY'), 'AU3cOnSn', '80118', 'CAVERZANO', 'VIA UMBERTO', 5, '60538180144');
INSERT INTO SPEDIZIONE(ID_CARRELLO_SPEDIZIONE, DATA_SPEDIZIONE, TRACKING_SPEDIZIONE, CAP_SPEDIZIONE, CITTA_SPEDIZIONE, VIA_SPEDIZIONE, COSTO_SPEDIZIONE, PIVA_SPEDIZIONE) VALUES (5, TO_DATE('02/05/2022', 'DD/MM/YYYY'), '4Fj8jgI5', '80142', 'FOREROTTA', 'VIA FASULLE', 5, '69848540111');
INSERT INTO SPEDIZIONE(ID_CARRELLO_SPEDIZIONE, DATA_SPEDIZIONE, TRACKING_SPEDIZIONE, CAP_SPEDIZIONE, CITTA_SPEDIZIONE, VIA_SPEDIZIONE, COSTO_SPEDIZIONE, PIVA_SPEDIZIONE) VALUES (6, TO_DATE('13/03/2022', 'DD/MM/YYYY'), 'W7d1O5Mk', '80165', 'SOMMAVULCANICA', 'VIA FASULLA', 5, '69848540111');
INSERT INTO SPEDIZIONE(ID_CARRELLO_SPEDIZIONE, DATA_SPEDIZIONE, TRACKING_SPEDIZIONE, CAP_SPEDIZIONE, CITTA_SPEDIZIONE, VIA_SPEDIZIONE, COSTO_SPEDIZIONE, PIVA_SPEDIZIONE) VALUES (7, TO_DATE('23/01/2022', 'DD/MM/YYYY'), 'R6XPMfyt', '80789', 'ALGEBRA', 'VIA TOLEDE', 5, '69848540111');
INSERT INTO SPEDIZIONE(ID_CARRELLO_SPEDIZIONE, DATA_SPEDIZIONE, TRACKING_SPEDIZIONE, CAP_SPEDIZIONE, CITTA_SPEDIZIONE, VIA_SPEDIZIONE, COSTO_SPEDIZIONE, PIVA_SPEDIZIONE) VALUES (8, TO_DATE('01/03/2022', 'DD/MM/YYYY'), 'NWAhjtE8', '80422', 'ALGEBRA', 'VIA CHIAIE', 5, '69848540111');
INSERT INTO SPEDIZIONE(ID_CARRELLO_SPEDIZIONE, DATA_SPEDIZIONE, TRACKING_SPEDIZIONE, CAP_SPEDIZIONE, CITTA_SPEDIZIONE, VIA_SPEDIZIONE, COSTO_SPEDIZIONE, PIVA_SPEDIZIONE) VALUES (9, TO_DATE('05/04/2022', 'DD/MM/YYYY'), '8FWcnQL5', '80987', 'DATABASE', 'VIA SAN GREGORIO', 5, '69848540111');
INSERT INTO SPEDIZIONE(ID_CARRELLO_SPEDIZIONE, DATA_SPEDIZIONE, TRACKING_SPEDIZIONE, CAP_SPEDIZIONE, CITTA_SPEDIZIONE, VIA_SPEDIZIONE, COSTO_SPEDIZIONE, PIVA_SPEDIZIONE) VALUES (10, TO_DATE('11/06/2022', 'DD/MM/YYYY'), 'klD4GQ6A', '80111', 'DATABASE', 'VIA CARACCIULO', 5, '69848540111');
INSERT INTO SPEDIZIONE(ID_CARRELLO_SPEDIZIONE, DATA_SPEDIZIONE, TRACKING_SPEDIZIONE, CAP_SPEDIZIONE, CITTA_SPEDIZIONE, VIA_SPEDIZIONE, COSTO_SPEDIZIONE, PIVA_SPEDIZIONE) VALUES (11, TO_DATE('10/06/2022', 'DD/MM/YYYY'), 'Flt3QJox', '80222', 'SANTANASTAFRICA', 'SPACCANAPULE', 5, '69848540111');
INSERT INTO SPEDIZIONE(ID_CARRELLO_SPEDIZIONE, DATA_SPEDIZIONE, TRACKING_SPEDIZIONE, CAP_SPEDIZIONE, CITTA_SPEDIZIONE, VIA_SPEDIZIONE, COSTO_SPEDIZIONE, PIVA_SPEDIZIONE) VALUES (12, TO_DATE('10/06/2022', 'DD/MM/YYYY'), 'KZwqKk7X', '80222', 'SANTANASTAFRICA', 'CHIAIANO', 5, '69848540111');
INSERT INTO SPEDIZIONE(ID_CARRELLO_SPEDIZIONE, DATA_SPEDIZIONE, TRACKING_SPEDIZIONE, CAP_SPEDIZIONE, CITTA_SPEDIZIONE, VIA_SPEDIZIONE, COSTO_SPEDIZIONE, PIVA_SPEDIZIONE) VALUES (13, TO_DATE('10/06/2022', 'DD/MM/YYYY'), 'Go3N7oED', '80222', 'SANTANASTAFRICA', 'MARIANIELLA', 5, '68903970564');
INSERT INTO SPEDIZIONE(ID_CARRELLO_SPEDIZIONE, DATA_SPEDIZIONE, TRACKING_SPEDIZIONE, CAP_SPEDIZIONE, CITTA_SPEDIZIONE, VIA_SPEDIZIONE, COSTO_SPEDIZIONE, PIVA_SPEDIZIONE) VALUES (14, TO_DATE('10/06/2022', 'DD/MM/YYYY'), 'dZPBIWAO', '80222', 'SANTANASTAFRICA', 'CORSOITALIE', 5, '68903970564');
INSERT INTO SPEDIZIONE(ID_CARRELLO_SPEDIZIONE, DATA_SPEDIZIONE, TRACKING_SPEDIZIONE, CAP_SPEDIZIONE, CITTA_SPEDIZIONE, VIA_SPEDIZIONE, COSTO_SPEDIZIONE, PIVA_SPEDIZIONE) VALUES (15, TO_DATE('10/06/2022', 'DD/MM/YYYY'), 'HsUMgAtv', '80222', 'SANTANASTAFRICA', 'VIAUMBERTO', 5, '68903970564');